"","Observador","Porcentaje","Sesion"
"1","afb",75,"Sesion 1"
"2","afb",50,"Sesion 1"
"3","afb",75,"Sesion 1"
"4","afb",75,"Sesion 1"
"5","afb",75,"Sesion 1"
"6","afb",100,"Sesion 1"
"7","afb",75,"Sesion 1"
"8","afb",100,"Sesion 1"
"9","afb",100,"Sesion 1"
"10","afb",100,"Sesion 1"
"11","afb",75,"Sesion 1"
"12","afb",100,"Sesion 1"
"13","afb",100,"Sesion 1"
"14","afb",100,"Sesion 1"
"15","afb",75,"Sesion 1"
"16","afb",100,"Sesion 1"
"17","afb",75,"Sesion 1"
"18","afb",100,"Sesion 1"
"19","afb",100,"Sesion 1"
"20","afb",100,"Sesion 1"
"21","afb",100,"Sesion 1"
"22","afb",100,"Sesion 1"
"23","afb",100,"Sesion 1"
"24","afb",100,"Sesion 1"
"25","afb",100,"Sesion 1"
"26","afb",75,"Sesion 1"
"27","afb",100,"Sesion 1"
"28","afb",100,"Sesion 1"
"29","afb",100,"Sesion 1"
"30","afb",100,"Sesion 1"
"31","afb",100,"Sesion 1"
"32","afb",100,"Sesion 1"
"33","afb",100,"Sesion 1"
"34","afb",100,"Sesion 1"
"35","afb",100,"Sesion 1"
"36","afb",100,"Sesion 1"
"37","afb",100,"Sesion 1"
"38","afb",100,"Sesion 1"
"39","afb",100,"Sesion 1"
"40","afb",100,"Sesion 1"
"41","afb",100,"Sesion 1"
"42","afb",100,"Sesion 1"
"43","afb",100,"Sesion 1"
"44","afb",100,"Sesion 1"
"45","afb",100,"Sesion 1"
"46","afb",100,"Sesion 1"
"47","afb",100,"Sesion 1"
"48","afb",100,"Sesion 1"
"49","afb",100,"Sesion 1"
"50","afb",100,"Sesion 1"
"51","afb",100,"Sesion 1"
"52","afb",100,"Sesion 1"
"53","afb",100,"Sesion 1"
"54","afb",100,"Sesion 1"
"55","afb",75,"Sesion 1"
"56","afb",75,"Sesion 1"
"57","afb",100,"Sesion 1"
"58","afb",100,"Sesion 1"
"59","afb",75,"Sesion 1"
"60","afb",100,"Sesion 1"
"61","afb",100,"Sesion 1"
"62","afb",100,"Sesion 1"
"63","afb",100,"Sesion 1"
"64","afb",100,"Sesion 1"
"65","afb",100,"Sesion 1"
"66","afb",100,"Sesion 1"
"67","afb",100,"Sesion 1"
"68","afb",75,"Sesion 1"
"69","afb",100,"Sesion 1"
"70","afb",100,"Sesion 1"
"71","afb",100,"Sesion 1"
"72","afb",100,"Sesion 1"
"73","afb",100,"Sesion 1"
"74","afb",100,"Sesion 1"
"75","afb",100,"Sesion 1"
"76","afb",100,"Sesion 1"
"77","afb",100,"Sesion 1"
"78","afb",100,"Sesion 1"
"79","afb",75,"Sesion 1"
"80","afb",100,"Sesion 1"
"81","afb",100,"Sesion 1"
"82","afb",100,"Sesion 1"
"83","afb",100,"Sesion 1"
"84","afb",100,"Sesion 1"
"85","afb",100,"Sesion 1"
"86","afb",100,"Sesion 1"
"87","afb",100,"Sesion 1"
"88","afb",100,"Sesion 1"
"89","afb",100,"Sesion 1"
"90","afb",100,"Sesion 1"
"91","afb",100,"Sesion 1"
"92","afb",100,"Sesion 1"
"93","afb",100,"Sesion 1"
"94","afb",100,"Sesion 1"
"95","afb",100,"Sesion 1"
"96","afb",100,"Sesion 1"
"97","afb",100,"Sesion 1"
"98","afb",100,"Sesion 1"
"99","afb",100,"Sesion 1"
"100","afb",100,"Sesion 1"
"101","afb",100,"Sesion 1"
"102","afb",100,"Sesion 1"
"103","afb",100,"Sesion 1"
"104","afb",100,"Sesion 1"
"105","afb",100,"Sesion 1"
"106","afb",100,"Sesion 1"
"107","afb",100,"Sesion 1"
"108","afb",100,"Sesion 1"
"109","afb",100,"Sesion 1"
"110","afb",100,"Sesion 1"
"111","afb",100,"Sesion 1"
"112","afb",100,"Sesion 1"
"113","afb",100,"Sesion 1"
"114","afb",100,"Sesion 1"
"115","afb",100,"Sesion 1"
"116","afb",100,"Sesion 1"
"117","afb",100,"Sesion 1"
"118","afb",100,"Sesion 1"
"119","afb",100,"Sesion 1"
"120","afb",100,"Sesion 1"
"121","afb",100,"Sesion 1"
"122","afb",100,"Sesion 1"
"123","afb",100,"Sesion 1"
"124","afb",100,"Sesion 1"
"125","afb",100,"Sesion 1"
"126","afb",100,"Sesion 1"
"127","afb",100,"Sesion 1"
"128","afb",100,"Sesion 1"
"129","afb",100,"Sesion 1"
"130","afb",100,"Sesion 1"
"131","afb",100,"Sesion 1"
"132","afb",100,"Sesion 1"
"133","afb",100,"Sesion 1"
"134","afb",100,"Sesion 1"
"135","afb",100,"Sesion 1"
"136","afb",100,"Sesion 1"
"137","afb",100,"Sesion 1"
"138","afb",100,"Sesion 1"
"139","afb",75,"Sesion 1"
"140","afb",100,"Sesion 1"
"141","afb",100,"Sesion 1"
"142","afb",100,"Sesion 1"
"143","afb",100,"Sesion 1"
"144","afb",100,"Sesion 1"
"145","afb",100,"Sesion 1"
"146","afb",100,"Sesion 1"
"147","afb",100,"Sesion 1"
"148","afb",100,"Sesion 1"
"149","afb",100,"Sesion 1"
"150","afb",100,"Sesion 1"
"151","afb",100,"Sesion 6"
"152","afb",100,"Sesion 6"
"153","afb",100,"Sesion 6"
"154","afb",100,"Sesion 6"
"155","afb",100,"Sesion 6"
"156","afb",100,"Sesion 6"
"157","afb",100,"Sesion 6"
"158","afb",100,"Sesion 6"
"159","afb",100,"Sesion 6"
"160","afb",100,"Sesion 6"
"161","afb",100,"Sesion 6"
"162","afb",100,"Sesion 6"
"163","afb",100,"Sesion 6"
"164","afb",100,"Sesion 6"
"165","afb",100,"Sesion 6"
"166","afb",100,"Sesion 6"
"167","afb",100,"Sesion 6"
"168","afb",100,"Sesion 6"
"169","afb",100,"Sesion 6"
"170","afb",100,"Sesion 6"
"171","afb",100,"Sesion 6"
"172","afb",100,"Sesion 6"
"173","afb",100,"Sesion 6"
"174","afb",100,"Sesion 6"
"175","afb",100,"Sesion 6"
"176","afb",75,"Sesion 6"
"177","afb",100,"Sesion 6"
"178","afb",100,"Sesion 6"
"179","afb",100,"Sesion 6"
"180","afb",100,"Sesion 6"
"181","afb",100,"Sesion 6"
"182","afb",100,"Sesion 6"
"183","afb",100,"Sesion 6"
"184","afb",100,"Sesion 6"
"185","afb",100,"Sesion 6"
"186","afb",100,"Sesion 6"
"187","afb",100,"Sesion 6"
"188","afb",100,"Sesion 6"
"189","afb",100,"Sesion 6"
"190","afb",100,"Sesion 6"
"191","afb",100,"Sesion 6"
"192","afb",100,"Sesion 6"
"193","afb",75,"Sesion 6"
"194","afb",100,"Sesion 6"
"195","afb",75,"Sesion 6"
"196","afb",100,"Sesion 6"
"197","afb",100,"Sesion 6"
"198","afb",100,"Sesion 6"
"199","afb",100,"Sesion 6"
"200","afb",100,"Sesion 6"
"201","afb",100,"Sesion 6"
"202","afb",100,"Sesion 6"
"203","afb",100,"Sesion 6"
"204","afb",100,"Sesion 6"
"205","afb",100,"Sesion 6"
"206","afb",100,"Sesion 6"
"207","afb",100,"Sesion 6"
"208","afb",100,"Sesion 6"
"209","afb",100,"Sesion 6"
"210","afb",100,"Sesion 6"
"211","afb",100,"Sesion 6"
"212","afb",100,"Sesion 6"
"213","afb",100,"Sesion 6"
"214","afb",100,"Sesion 6"
"215","afb",100,"Sesion 6"
"216","afb",100,"Sesion 6"
"217","afb",100,"Sesion 6"
"218","afb",100,"Sesion 6"
"219","afb",100,"Sesion 6"
"220","afb",100,"Sesion 6"
"221","afb",100,"Sesion 6"
"222","afb",100,"Sesion 6"
"223","afb",100,"Sesion 6"
"224","afb",100,"Sesion 6"
"225","afb",100,"Sesion 6"
"226","afb",100,"Sesion 6"
"227","afb",100,"Sesion 6"
"228","afb",100,"Sesion 6"
"229","afb",100,"Sesion 6"
"230","afb",100,"Sesion 6"
"231","afb",100,"Sesion 6"
"232","afb",100,"Sesion 6"
"233","afb",100,"Sesion 6"
"234","afb",100,"Sesion 6"
"235","afb",100,"Sesion 6"
"236","afb",100,"Sesion 6"
"237","afb",100,"Sesion 6"
"238","afb",100,"Sesion 6"
"239","afb",100,"Sesion 6"
"240","afb",100,"Sesion 6"
"241","afb",100,"Sesion 6"
"242","afb",100,"Sesion 6"
"243","afb",100,"Sesion 6"
"244","afb",100,"Sesion 6"
"245","afb",100,"Sesion 6"
"246","afb",100,"Sesion 6"
"247","afb",100,"Sesion 6"
"248","afb",100,"Sesion 6"
"249","afb",100,"Sesion 6"
"250","afb",100,"Sesion 6"
"251","afb",100,"Sesion 6"
"252","afb",100,"Sesion 6"
"253","afb",100,"Sesion 6"
"254","afb",100,"Sesion 6"
"255","afb",100,"Sesion 6"
"256","afb",100,"Sesion 6"
"257","afb",100,"Sesion 6"
"258","afb",100,"Sesion 6"
"259","afb",100,"Sesion 6"
"260","afb",100,"Sesion 6"
"261","afb",100,"Sesion 6"
"262","afb",100,"Sesion 6"
"263","afb",100,"Sesion 6"
"264","afb",100,"Sesion 6"
"265","afb",100,"Sesion 6"
"266","afb",100,"Sesion 6"
"267","afb",100,"Sesion 6"
"268","afb",100,"Sesion 6"
"269","afb",100,"Sesion 6"
"270","afb",100,"Sesion 6"
"271","afb",100,"Sesion 6"
"272","afb",100,"Sesion 6"
"273","afb",100,"Sesion 6"
"274","afb",100,"Sesion 6"
"275","afb",75,"Sesion 6"
"276","afb",100,"Sesion 6"
"277","afb",100,"Sesion 6"
"278","afb",100,"Sesion 6"
"279","afb",100,"Sesion 6"
"280","afb",100,"Sesion 6"
"281","afb",100,"Sesion 6"
"282","afb",100,"Sesion 6"
"283","afb",100,"Sesion 6"
"284","afb",100,"Sesion 6"
"285","afb",100,"Sesion 6"
"286","afb",100,"Sesion 6"
"287","afb",75,"Sesion 6"
"288","afb",100,"Sesion 6"
"289","afb",100,"Sesion 6"
"290","afb",100,"Sesion 6"
"291","afb",100,"Sesion 6"
"292","afb",100,"Sesion 6"
"293","afb",100,"Sesion 6"
"294","afb",100,"Sesion 6"
"295","afb",75,"Sesion 6"
"296","afb",100,"Sesion 6"
"297","afb",100,"Sesion 6"
"298","afb",100,"Sesion 6"
"299","afb",100,"Sesion 6"
"300","afb",100,"Sesion 6"
"301","cic",100,"Sesion 1"
"302","cic",100,"Sesion 1"
"303","cic",100,"Sesion 1"
"304","cic",100,"Sesion 1"
"305","cic",100,"Sesion 1"
"306","cic",100,"Sesion 1"
"307","cic",75,"Sesion 1"
"308","cic",100,"Sesion 1"
"309","cic",100,"Sesion 1"
"310","cic",100,"Sesion 1"
"311","cic",100,"Sesion 1"
"312","cic",100,"Sesion 1"
"313","cic",100,"Sesion 1"
"314","cic",100,"Sesion 1"
"315","cic",75,"Sesion 1"
"316","cic",100,"Sesion 1"
"317","cic",100,"Sesion 1"
"318","cic",100,"Sesion 1"
"319","cic",100,"Sesion 1"
"320","cic",100,"Sesion 1"
"321","cic",100,"Sesion 1"
"322","cic",100,"Sesion 1"
"323","cic",100,"Sesion 1"
"324","cic",100,"Sesion 1"
"325","cic",100,"Sesion 1"
"326","cic",100,"Sesion 1"
"327","cic",100,"Sesion 1"
"328","cic",100,"Sesion 1"
"329","cic",100,"Sesion 1"
"330","cic",100,"Sesion 1"
"331","cic",100,"Sesion 1"
"332","cic",100,"Sesion 1"
"333","cic",100,"Sesion 1"
"334","cic",100,"Sesion 1"
"335","cic",100,"Sesion 1"
"336","cic",100,"Sesion 1"
"337","cic",100,"Sesion 1"
"338","cic",100,"Sesion 1"
"339","cic",100,"Sesion 1"
"340","cic",100,"Sesion 1"
"341","cic",100,"Sesion 1"
"342","cic",100,"Sesion 1"
"343","cic",100,"Sesion 1"
"344","cic",100,"Sesion 1"
"345","cic",100,"Sesion 1"
"346","cic",100,"Sesion 1"
"347","cic",100,"Sesion 1"
"348","cic",100,"Sesion 1"
"349","cic",100,"Sesion 1"
"350","cic",100,"Sesion 1"
"351","cic",75,"Sesion 1"
"352","cic",100,"Sesion 1"
"353","cic",100,"Sesion 1"
"354","cic",100,"Sesion 1"
"355","cic",100,"Sesion 1"
"356","cic",100,"Sesion 1"
"357","cic",100,"Sesion 1"
"358","cic",100,"Sesion 1"
"359","cic",100,"Sesion 1"
"360","cic",100,"Sesion 1"
"361","cic",100,"Sesion 1"
"362","cic",100,"Sesion 1"
"363","cic",100,"Sesion 1"
"364","cic",100,"Sesion 1"
"365","cic",100,"Sesion 1"
"366","cic",100,"Sesion 1"
"367","cic",100,"Sesion 1"
"368","cic",100,"Sesion 1"
"369","cic",100,"Sesion 1"
"370","cic",100,"Sesion 1"
"371","cic",100,"Sesion 1"
"372","cic",100,"Sesion 1"
"373","cic",100,"Sesion 1"
"374","cic",100,"Sesion 1"
"375","cic",100,"Sesion 1"
"376","cic",100,"Sesion 1"
"377","cic",100,"Sesion 1"
"378","cic",100,"Sesion 1"
"379","cic",100,"Sesion 1"
"380","cic",100,"Sesion 1"
"381","cic",75,"Sesion 1"
"382","cic",100,"Sesion 1"
"383","cic",100,"Sesion 1"
"384","cic",100,"Sesion 1"
"385","cic",100,"Sesion 1"
"386","cic",100,"Sesion 1"
"387","cic",100,"Sesion 1"
"388","cic",100,"Sesion 1"
"389","cic",100,"Sesion 1"
"390","cic",100,"Sesion 1"
"391","cic",100,"Sesion 1"
"392","cic",100,"Sesion 1"
"393","cic",100,"Sesion 1"
"394","cic",100,"Sesion 1"
"395","cic",100,"Sesion 1"
"396","cic",100,"Sesion 1"
"397","cic",100,"Sesion 1"
"398","cic",100,"Sesion 1"
"399","cic",100,"Sesion 1"
"400","cic",100,"Sesion 1"
"401","cic",75,"Sesion 1"
"402","cic",100,"Sesion 1"
"403","cic",100,"Sesion 1"
"404","cic",100,"Sesion 1"
"405","cic",100,"Sesion 1"
"406","cic",100,"Sesion 1"
"407","cic",100,"Sesion 1"
"408","cic",100,"Sesion 1"
"409","cic",100,"Sesion 1"
"410","cic",100,"Sesion 1"
"411","cic",100,"Sesion 1"
"412","cic",100,"Sesion 1"
"413","cic",75,"Sesion 1"
"414","cic",100,"Sesion 1"
"415","cic",100,"Sesion 1"
"416","cic",100,"Sesion 1"
"417","cic",100,"Sesion 1"
"418","cic",100,"Sesion 1"
"419","cic",100,"Sesion 1"
"420","cic",100,"Sesion 1"
"421","cic",100,"Sesion 1"
"422","cic",100,"Sesion 1"
"423","cic",100,"Sesion 1"
"424","cic",100,"Sesion 1"
"425","cic",100,"Sesion 1"
"426","cic",100,"Sesion 1"
"427","cic",100,"Sesion 1"
"428","cic",100,"Sesion 1"
"429","cic",100,"Sesion 1"
"430","cic",100,"Sesion 1"
"431","cic",100,"Sesion 1"
"432","cic",100,"Sesion 1"
"433","cic",100,"Sesion 1"
"434","cic",100,"Sesion 1"
"435","cic",100,"Sesion 1"
"436","cic",100,"Sesion 1"
"437","cic",100,"Sesion 1"
"438","cic",100,"Sesion 1"
"439","cic",100,"Sesion 1"
"440","cic",100,"Sesion 1"
"441","cic",100,"Sesion 1"
"442","cic",75,"Sesion 1"
"443","cic",100,"Sesion 1"
"444","cic",100,"Sesion 1"
"445","cic",100,"Sesion 1"
"446","cic",100,"Sesion 1"
"447","cic",100,"Sesion 1"
"448","cic",100,"Sesion 1"
"449","cic",100,"Sesion 1"
"450","cic",100,"Sesion 1"
"451","cic",100,"Sesion 6"
"452","cic",100,"Sesion 6"
"453","cic",100,"Sesion 6"
"454","cic",100,"Sesion 6"
"455","cic",100,"Sesion 6"
"456","cic",100,"Sesion 6"
"457","cic",100,"Sesion 6"
"458","cic",100,"Sesion 6"
"459","cic",100,"Sesion 6"
"460","cic",100,"Sesion 6"
"461","cic",100,"Sesion 6"
"462","cic",100,"Sesion 6"
"463","cic",100,"Sesion 6"
"464","cic",100,"Sesion 6"
"465","cic",75,"Sesion 6"
"466","cic",100,"Sesion 6"
"467","cic",100,"Sesion 6"
"468","cic",100,"Sesion 6"
"469","cic",100,"Sesion 6"
"470","cic",100,"Sesion 6"
"471","cic",100,"Sesion 6"
"472","cic",100,"Sesion 6"
"473","cic",100,"Sesion 6"
"474","cic",100,"Sesion 6"
"475","cic",75,"Sesion 6"
"476","cic",100,"Sesion 6"
"477","cic",100,"Sesion 6"
"478","cic",100,"Sesion 6"
"479","cic",100,"Sesion 6"
"480","cic",100,"Sesion 6"
"481","cic",100,"Sesion 6"
"482","cic",100,"Sesion 6"
"483","cic",100,"Sesion 6"
"484","cic",100,"Sesion 6"
"485","cic",100,"Sesion 6"
"486","cic",100,"Sesion 6"
"487","cic",100,"Sesion 6"
"488","cic",100,"Sesion 6"
"489","cic",100,"Sesion 6"
"490","cic",100,"Sesion 6"
"491","cic",100,"Sesion 6"
"492","cic",100,"Sesion 6"
"493","cic",100,"Sesion 6"
"494","cic",100,"Sesion 6"
"495","cic",100,"Sesion 6"
"496","cic",100,"Sesion 6"
"497","cic",100,"Sesion 6"
"498","cic",100,"Sesion 6"
"499","cic",100,"Sesion 6"
"500","cic",100,"Sesion 6"
"501","cic",100,"Sesion 6"
"502","cic",100,"Sesion 6"
"503","cic",100,"Sesion 6"
"504","cic",100,"Sesion 6"
"505","cic",100,"Sesion 6"
"506","cic",100,"Sesion 6"
"507","cic",100,"Sesion 6"
"508","cic",100,"Sesion 6"
"509","cic",100,"Sesion 6"
"510","cic",100,"Sesion 6"
"511","cic",100,"Sesion 6"
"512","cic",100,"Sesion 6"
"513","cic",75,"Sesion 6"
"514","cic",100,"Sesion 6"
"515","cic",100,"Sesion 6"
"516","cic",100,"Sesion 6"
"517","cic",100,"Sesion 6"
"518","cic",100,"Sesion 6"
"519","cic",100,"Sesion 6"
"520","cic",100,"Sesion 6"
"521","cic",100,"Sesion 6"
"522","cic",100,"Sesion 6"
"523","cic",100,"Sesion 6"
"524","cic",100,"Sesion 6"
"525","cic",100,"Sesion 6"
"526","cic",100,"Sesion 6"
"527","cic",100,"Sesion 6"
"528","cic",75,"Sesion 6"
"529","cic",100,"Sesion 6"
"530","cic",100,"Sesion 6"
"531","cic",100,"Sesion 6"
"532","cic",100,"Sesion 6"
"533","cic",100,"Sesion 6"
"534","cic",100,"Sesion 6"
"535","cic",100,"Sesion 6"
"536","cic",100,"Sesion 6"
"537","cic",100,"Sesion 6"
"538","cic",100,"Sesion 6"
"539","cic",100,"Sesion 6"
"540","cic",100,"Sesion 6"
"541","cic",100,"Sesion 6"
"542","cic",100,"Sesion 6"
"543","cic",100,"Sesion 6"
"544","cic",100,"Sesion 6"
"545","cic",100,"Sesion 6"
"546","cic",100,"Sesion 6"
"547","cic",100,"Sesion 6"
"548","cic",100,"Sesion 6"
"549","cic",100,"Sesion 6"
"550","cic",100,"Sesion 6"
"551","cic",100,"Sesion 6"
"552","cic",100,"Sesion 6"
"553","cic",100,"Sesion 6"
"554","cic",100,"Sesion 6"
"555","cic",100,"Sesion 6"
"556","cic",100,"Sesion 6"
"557","cic",100,"Sesion 6"
"558","cic",100,"Sesion 6"
"559","cic",100,"Sesion 6"
"560","cic",100,"Sesion 6"
"561","cic",100,"Sesion 6"
"562","cic",100,"Sesion 6"
"563","cic",100,"Sesion 6"
"564","cic",100,"Sesion 6"
"565","cic",100,"Sesion 6"
"566","cic",100,"Sesion 6"
"567","cic",100,"Sesion 6"
"568","cic",100,"Sesion 6"
"569","cic",75,"Sesion 6"
"570","cic",100,"Sesion 6"
"571","cic",100,"Sesion 6"
"572","cic",100,"Sesion 6"
"573","cic",100,"Sesion 6"
"574","cic",100,"Sesion 6"
"575","cic",100,"Sesion 6"
"576","cic",100,"Sesion 6"
"577","cic",100,"Sesion 6"
"578","cic",100,"Sesion 6"
"579","cic",100,"Sesion 6"
"580","cic",100,"Sesion 6"
"581","cic",100,"Sesion 6"
"582","cic",100,"Sesion 6"
"583","cic",100,"Sesion 6"
"584","cic",100,"Sesion 6"
"585","cic",100,"Sesion 6"
"586","cic",100,"Sesion 6"
"587","cic",100,"Sesion 6"
"588","cic",75,"Sesion 6"
"589","cic",100,"Sesion 6"
"590","cic",100,"Sesion 6"
"591","cic",100,"Sesion 6"
"592","cic",100,"Sesion 6"
"593","cic",100,"Sesion 6"
"594","cic",100,"Sesion 6"
"595","cic",100,"Sesion 6"
"596","cic",100,"Sesion 6"
"597","cic",100,"Sesion 6"
"598","cic",100,"Sesion 6"
"599","cic",100,"Sesion 6"
"600","cic",100,"Sesion 6"
"601","msz",100,"Sesion 1"
"602","msz",100,"Sesion 1"
"603","msz",75,"Sesion 1"
"604","msz",100,"Sesion 1"
"605","msz",100,"Sesion 1"
"606","msz",100,"Sesion 1"
"607","msz",100,"Sesion 1"
"608","msz",100,"Sesion 1"
"609","msz",100,"Sesion 1"
"610","msz",100,"Sesion 1"
"611","msz",100,"Sesion 1"
"612","msz",100,"Sesion 1"
"613","msz",100,"Sesion 1"
"614","msz",100,"Sesion 1"
"615","msz",100,"Sesion 1"
"616","msz",100,"Sesion 1"
"617","msz",100,"Sesion 1"
"618","msz",100,"Sesion 1"
"619","msz",100,"Sesion 1"
"620","msz",100,"Sesion 1"
"621","msz",100,"Sesion 1"
"622","msz",100,"Sesion 1"
"623","msz",100,"Sesion 1"
"624","msz",100,"Sesion 1"
"625","msz",100,"Sesion 1"
"626","msz",100,"Sesion 1"
"627","msz",100,"Sesion 1"
"628","msz",100,"Sesion 1"
"629","msz",100,"Sesion 1"
"630","msz",100,"Sesion 1"
"631","msz",100,"Sesion 1"
"632","msz",100,"Sesion 1"
"633","msz",100,"Sesion 1"
"634","msz",100,"Sesion 1"
"635","msz",100,"Sesion 1"
"636","msz",100,"Sesion 1"
"637","msz",100,"Sesion 1"
"638","msz",100,"Sesion 1"
"639","msz",100,"Sesion 1"
"640","msz",100,"Sesion 1"
"641","msz",100,"Sesion 1"
"642","msz",100,"Sesion 1"
"643","msz",100,"Sesion 1"
"644","msz",100,"Sesion 1"
"645","msz",100,"Sesion 1"
"646","msz",100,"Sesion 1"
"647","msz",100,"Sesion 1"
"648","msz",100,"Sesion 1"
"649","msz",100,"Sesion 1"
"650","msz",100,"Sesion 1"
"651","msz",100,"Sesion 1"
"652","msz",100,"Sesion 1"
"653","msz",100,"Sesion 1"
"654","msz",100,"Sesion 1"
"655","msz",100,"Sesion 1"
"656","msz",100,"Sesion 1"
"657","msz",100,"Sesion 1"
"658","msz",100,"Sesion 1"
"659","msz",100,"Sesion 1"
"660","msz",100,"Sesion 1"
"661","msz",100,"Sesion 1"
"662","msz",100,"Sesion 1"
"663","msz",100,"Sesion 1"
"664","msz",100,"Sesion 1"
"665","msz",100,"Sesion 1"
"666","msz",100,"Sesion 1"
"667","msz",100,"Sesion 1"
"668","msz",100,"Sesion 1"
"669","msz",100,"Sesion 1"
"670","msz",100,"Sesion 1"
"671","msz",100,"Sesion 1"
"672","msz",100,"Sesion 1"
"673","msz",100,"Sesion 1"
"674","msz",100,"Sesion 1"
"675","msz",100,"Sesion 1"
"676","msz",100,"Sesion 1"
"677","msz",100,"Sesion 1"
"678","msz",100,"Sesion 1"
"679","msz",100,"Sesion 1"
"680","msz",100,"Sesion 1"
"681","msz",100,"Sesion 1"
"682","msz",100,"Sesion 1"
"683","msz",100,"Sesion 1"
"684","msz",100,"Sesion 1"
"685","msz",100,"Sesion 1"
"686","msz",100,"Sesion 1"
"687","msz",100,"Sesion 1"
"688","msz",100,"Sesion 1"
"689","msz",100,"Sesion 1"
"690","msz",100,"Sesion 1"
"691","msz",100,"Sesion 1"
"692","msz",100,"Sesion 1"
"693","msz",100,"Sesion 1"
"694","msz",100,"Sesion 1"
"695","msz",100,"Sesion 1"
"696","msz",100,"Sesion 1"
"697","msz",100,"Sesion 1"
"698","msz",100,"Sesion 1"
"699","msz",100,"Sesion 1"
"700","msz",100,"Sesion 1"
"701","msz",100,"Sesion 1"
"702","msz",100,"Sesion 1"
"703","msz",100,"Sesion 1"
"704","msz",100,"Sesion 1"
"705","msz",100,"Sesion 1"
"706","msz",100,"Sesion 1"
"707","msz",100,"Sesion 1"
"708","msz",100,"Sesion 1"
"709","msz",100,"Sesion 1"
"710","msz",100,"Sesion 1"
"711","msz",100,"Sesion 1"
"712","msz",100,"Sesion 1"
"713","msz",100,"Sesion 1"
"714","msz",100,"Sesion 1"
"715","msz",100,"Sesion 1"
"716","msz",100,"Sesion 1"
"717","msz",100,"Sesion 1"
"718","msz",100,"Sesion 1"
"719","msz",100,"Sesion 1"
"720","msz",100,"Sesion 1"
"721","msz",100,"Sesion 1"
"722","msz",100,"Sesion 1"
"723","msz",100,"Sesion 1"
"724","msz",100,"Sesion 1"
"725","msz",75,"Sesion 1"
"726","msz",100,"Sesion 1"
"727","msz",100,"Sesion 1"
"728","msz",100,"Sesion 1"
"729","msz",100,"Sesion 1"
"730","msz",100,"Sesion 1"
"731","msz",100,"Sesion 1"
"732","msz",100,"Sesion 1"
"733","msz",100,"Sesion 1"
"734","msz",100,"Sesion 1"
"735","msz",100,"Sesion 1"
"736","msz",100,"Sesion 1"
"737","msz",100,"Sesion 1"
"738","msz",100,"Sesion 1"
"739","msz",100,"Sesion 1"
"740","msz",100,"Sesion 1"
"741","msz",75,"Sesion 1"
"742","msz",75,"Sesion 1"
"743","msz",100,"Sesion 1"
"744","msz",100,"Sesion 1"
"745","msz",100,"Sesion 1"
"746","msz",100,"Sesion 1"
"747","msz",100,"Sesion 1"
"748","msz",100,"Sesion 1"
"749","msz",100,"Sesion 1"
"750","msz",100,"Sesion 1"
"751","msz",100,"Sesion 6"
"752","msz",100,"Sesion 6"
"753","msz",100,"Sesion 6"
"754","msz",100,"Sesion 6"
"755","msz",75,"Sesion 6"
"756","msz",75,"Sesion 6"
"757","msz",75,"Sesion 6"
"758","msz",100,"Sesion 6"
"759","msz",100,"Sesion 6"
"760","msz",100,"Sesion 6"
"761","msz",75,"Sesion 6"
"762","msz",100,"Sesion 6"
"763","msz",50,"Sesion 6"
"764","msz",75,"Sesion 6"
"765","msz",100,"Sesion 6"
"766","msz",75,"Sesion 6"
"767","msz",100,"Sesion 6"
"768","msz",100,"Sesion 6"
"769","msz",100,"Sesion 6"
"770","msz",100,"Sesion 6"
"771","msz",75,"Sesion 6"
"772","msz",100,"Sesion 6"
"773","msz",75,"Sesion 6"
"774","msz",75,"Sesion 6"
"775","msz",75,"Sesion 6"
"776","msz",100,"Sesion 6"
"777","msz",75,"Sesion 6"
"778","msz",100,"Sesion 6"
"779","msz",100,"Sesion 6"
"780","msz",100,"Sesion 6"
"781","msz",100,"Sesion 6"
"782","msz",100,"Sesion 6"
"783","msz",75,"Sesion 6"
"784","msz",100,"Sesion 6"
"785","msz",100,"Sesion 6"
"786","msz",100,"Sesion 6"
"787","msz",75,"Sesion 6"
"788","msz",100,"Sesion 6"
"789","msz",75,"Sesion 6"
"790","msz",100,"Sesion 6"
"791","msz",75,"Sesion 6"
"792","msz",75,"Sesion 6"
"793","msz",100,"Sesion 6"
"794","msz",75,"Sesion 6"
"795","msz",75,"Sesion 6"
"796","msz",100,"Sesion 6"
"797","msz",75,"Sesion 6"
"798","msz",100,"Sesion 6"
"799","msz",100,"Sesion 6"
"800","msz",100,"Sesion 6"
"801","msz",100,"Sesion 6"
"802","msz",100,"Sesion 6"
"803","msz",100,"Sesion 6"
"804","msz",75,"Sesion 6"
"805","msz",100,"Sesion 6"
"806","msz",100,"Sesion 6"
"807","msz",75,"Sesion 6"
"808","msz",100,"Sesion 6"
"809","msz",75,"Sesion 6"
"810","msz",75,"Sesion 6"
"811","msz",100,"Sesion 6"
"812","msz",100,"Sesion 6"
"813","msz",100,"Sesion 6"
"814","msz",100,"Sesion 6"
"815","msz",75,"Sesion 6"
"816","msz",75,"Sesion 6"
"817","msz",75,"Sesion 6"
"818","msz",100,"Sesion 6"
"819","msz",75,"Sesion 6"
"820","msz",75,"Sesion 6"
"821","msz",75,"Sesion 6"
"822","msz",75,"Sesion 6"
"823","msz",100,"Sesion 6"
"824","msz",100,"Sesion 6"
"825","msz",25,"Sesion 6"
"826","msz",100,"Sesion 6"
"827","msz",100,"Sesion 6"
"828","msz",100,"Sesion 6"
"829","msz",75,"Sesion 6"
"830","msz",100,"Sesion 6"
"831","msz",50,"Sesion 6"
"832","msz",100,"Sesion 6"
"833","msz",75,"Sesion 6"
"834","msz",100,"Sesion 6"
"835","msz",100,"Sesion 6"
"836","msz",100,"Sesion 6"
"837","msz",75,"Sesion 6"
"838","msz",100,"Sesion 6"
"839","msz",100,"Sesion 6"
"840","msz",100,"Sesion 6"
"841","msz",75,"Sesion 6"
"842","msz",75,"Sesion 6"
"843","msz",75,"Sesion 6"
"844","msz",100,"Sesion 6"
"845","msz",50,"Sesion 6"
"846","msz",75,"Sesion 6"
"847","msz",100,"Sesion 6"
"848","msz",50,"Sesion 6"
"849","msz",75,"Sesion 6"
"850","msz",100,"Sesion 6"
"851","msz",100,"Sesion 6"
"852","msz",100,"Sesion 6"
"853","msz",75,"Sesion 6"
"854","msz",50,"Sesion 6"
"855","msz",50,"Sesion 6"
"856","msz",100,"Sesion 6"
"857","msz",75,"Sesion 6"
"858","msz",100,"Sesion 6"
"859","msz",100,"Sesion 6"
"860","msz",100,"Sesion 6"
"861","msz",100,"Sesion 6"
"862","msz",100,"Sesion 6"
"863","msz",100,"Sesion 6"
"864","msz",100,"Sesion 6"
"865","msz",100,"Sesion 6"
"866","msz",75,"Sesion 6"
"867","msz",75,"Sesion 6"
"868","msz",100,"Sesion 6"
"869","msz",100,"Sesion 6"
"870","msz",75,"Sesion 6"
"871","msz",75,"Sesion 6"
"872","msz",75,"Sesion 6"
"873","msz",75,"Sesion 6"
"874","msz",100,"Sesion 6"
"875","msz",50,"Sesion 6"
"876","msz",75,"Sesion 6"
"877","msz",50,"Sesion 6"
"878","msz",100,"Sesion 6"
"879","msz",100,"Sesion 6"
"880","msz",100,"Sesion 6"
"881","msz",100,"Sesion 6"
"882","msz",100,"Sesion 6"
"883","msz",100,"Sesion 6"
"884","msz",75,"Sesion 6"
"885","msz",100,"Sesion 6"
"886","msz",100,"Sesion 6"
"887","msz",100,"Sesion 6"
"888","msz",100,"Sesion 6"
"889","msz",50,"Sesion 6"
"890","msz",50,"Sesion 6"
"891","msz",75,"Sesion 6"
"892","msz",75,"Sesion 6"
"893","msz",50,"Sesion 6"
"894","msz",75,"Sesion 6"
"895","msz",100,"Sesion 6"
"896","msz",50,"Sesion 6"
"897","msz",75,"Sesion 6"
"898","msz",75,"Sesion 6"
"899","msz",100,"Sesion 6"
"900","msz",100,"Sesion 6"
"901","nga",75,"Sesion 1"
"902","nga",75,"Sesion 1"
"903","nga",100,"Sesion 1"
"904","nga",100,"Sesion 1"
"905","nga",75,"Sesion 1"
"906","nga",75,"Sesion 1"
"907","nga",75,"Sesion 1"
"908","nga",50,"Sesion 1"
"909","nga",50,"Sesion 1"
"910","nga",100,"Sesion 1"
"911","nga",100,"Sesion 1"
"912","nga",75,"Sesion 1"
"913","nga",75,"Sesion 1"
"914","nga",100,"Sesion 1"
"915","nga",75,"Sesion 1"
"916","nga",75,"Sesion 1"
"917","nga",100,"Sesion 1"
"918","nga",75,"Sesion 1"
"919","nga",100,"Sesion 1"
"920","nga",75,"Sesion 1"
"921","nga",100,"Sesion 1"
"922","nga",75,"Sesion 1"
"923","nga",25,"Sesion 1"
"924","nga",75,"Sesion 1"
"925","nga",75,"Sesion 1"
"926","nga",75,"Sesion 1"
"927","nga",75,"Sesion 1"
"928","nga",75,"Sesion 1"
"929","nga",100,"Sesion 1"
"930","nga",100,"Sesion 1"
"931","nga",100,"Sesion 1"
"932","nga",75,"Sesion 1"
"933","nga",100,"Sesion 1"
"934","nga",75,"Sesion 1"
"935","nga",100,"Sesion 1"
"936","nga",100,"Sesion 1"
"937","nga",100,"Sesion 1"
"938","nga",100,"Sesion 1"
"939","nga",50,"Sesion 1"
"940","nga",75,"Sesion 1"
"941","nga",100,"Sesion 1"
"942","nga",100,"Sesion 1"
"943","nga",100,"Sesion 1"
"944","nga",75,"Sesion 1"
"945","nga",75,"Sesion 1"
"946","nga",100,"Sesion 1"
"947","nga",75,"Sesion 1"
"948","nga",100,"Sesion 1"
"949","nga",75,"Sesion 1"
"950","nga",50,"Sesion 1"
"951","nga",75,"Sesion 1"
"952","nga",100,"Sesion 1"
"953","nga",100,"Sesion 1"
"954","nga",100,"Sesion 1"
"955","nga",75,"Sesion 1"
"956","nga",100,"Sesion 1"
"957","nga",75,"Sesion 1"
"958","nga",75,"Sesion 1"
"959","nga",100,"Sesion 1"
"960","nga",100,"Sesion 1"
"961","nga",100,"Sesion 1"
"962","nga",100,"Sesion 1"
"963","nga",75,"Sesion 1"
"964","nga",75,"Sesion 1"
"965","nga",100,"Sesion 1"
"966","nga",100,"Sesion 1"
"967","nga",75,"Sesion 1"
"968","nga",100,"Sesion 1"
"969","nga",75,"Sesion 1"
"970","nga",75,"Sesion 1"
"971","nga",75,"Sesion 1"
"972","nga",75,"Sesion 1"
"973","nga",75,"Sesion 1"
"974","nga",100,"Sesion 1"
"975","nga",100,"Sesion 1"
"976","nga",100,"Sesion 1"
"977","nga",50,"Sesion 1"
"978","nga",75,"Sesion 1"
"979","nga",75,"Sesion 1"
"980","nga",75,"Sesion 1"
"981","nga",50,"Sesion 1"
"982","nga",50,"Sesion 1"
"983","nga",100,"Sesion 1"
"984","nga",100,"Sesion 1"
"985","nga",100,"Sesion 1"
"986","nga",25,"Sesion 1"
"987","nga",100,"Sesion 1"
"988","nga",100,"Sesion 1"
"989","nga",75,"Sesion 1"
"990","nga",75,"Sesion 1"
"991","nga",100,"Sesion 1"
"992","nga",100,"Sesion 1"
"993","nga",75,"Sesion 1"
"994","nga",100,"Sesion 1"
"995","nga",75,"Sesion 1"
"996","nga",75,"Sesion 1"
"997","nga",100,"Sesion 1"
"998","nga",100,"Sesion 1"
"999","nga",100,"Sesion 1"
"1000","nga",100,"Sesion 1"
"1001","nga",75,"Sesion 1"
"1002","nga",75,"Sesion 1"
"1003","nga",100,"Sesion 1"
"1004","nga",100,"Sesion 1"
"1005","nga",100,"Sesion 1"
"1006","nga",50,"Sesion 1"
"1007","nga",100,"Sesion 1"
"1008","nga",100,"Sesion 1"
"1009","nga",100,"Sesion 1"
"1010","nga",75,"Sesion 1"
"1011","nga",100,"Sesion 1"
"1012","nga",100,"Sesion 1"
"1013","nga",100,"Sesion 1"
"1014","nga",100,"Sesion 1"
"1015","nga",75,"Sesion 1"
"1016","nga",100,"Sesion 1"
"1017","nga",100,"Sesion 1"
"1018","nga",75,"Sesion 1"
"1019","nga",100,"Sesion 1"
"1020","nga",100,"Sesion 1"
"1021","nga",100,"Sesion 1"
"1022","nga",75,"Sesion 1"
"1023","nga",75,"Sesion 1"
"1024","nga",50,"Sesion 1"
"1025","nga",75,"Sesion 1"
"1026","nga",100,"Sesion 1"
"1027","nga",100,"Sesion 1"
"1028","nga",100,"Sesion 1"
"1029","nga",100,"Sesion 1"
"1030","nga",100,"Sesion 1"
"1031","nga",100,"Sesion 1"
"1032","nga",100,"Sesion 1"
"1033","nga",100,"Sesion 1"
"1034","nga",100,"Sesion 1"
"1035","nga",100,"Sesion 1"
"1036","nga",100,"Sesion 1"
"1037","nga",100,"Sesion 1"
"1038","nga",100,"Sesion 1"
"1039","nga",100,"Sesion 1"
"1040","nga",100,"Sesion 1"
"1041","nga",75,"Sesion 1"
"1042","nga",100,"Sesion 1"
"1043","nga",100,"Sesion 1"
"1044","nga",100,"Sesion 1"
"1045","nga",100,"Sesion 1"
"1046","nga",100,"Sesion 1"
"1047","nga",75,"Sesion 1"
"1048","nga",100,"Sesion 1"
"1049","nga",100,"Sesion 1"
"1050","nga",50,"Sesion 1"
"1051","nga",75,"Sesion 6"
"1052","nga",100,"Sesion 6"
"1053","nga",100,"Sesion 6"
"1054","nga",75,"Sesion 6"
"1055","nga",100,"Sesion 6"
"1056","nga",100,"Sesion 6"
"1057","nga",75,"Sesion 6"
"1058","nga",100,"Sesion 6"
"1059","nga",100,"Sesion 6"
"1060","nga",100,"Sesion 6"
"1061","nga",100,"Sesion 6"
"1062","nga",100,"Sesion 6"
"1063","nga",100,"Sesion 6"
"1064","nga",100,"Sesion 6"
"1065","nga",75,"Sesion 6"
"1066","nga",100,"Sesion 6"
"1067","nga",100,"Sesion 6"
"1068","nga",75,"Sesion 6"
"1069","nga",100,"Sesion 6"
"1070","nga",100,"Sesion 6"
"1071","nga",100,"Sesion 6"
"1072","nga",100,"Sesion 6"
"1073","nga",75,"Sesion 6"
"1074","nga",100,"Sesion 6"
"1075","nga",100,"Sesion 6"
"1076","nga",100,"Sesion 6"
"1077","nga",75,"Sesion 6"
"1078","nga",100,"Sesion 6"
"1079","nga",100,"Sesion 6"
"1080","nga",75,"Sesion 6"
"1081","nga",75,"Sesion 6"
"1082","nga",100,"Sesion 6"
"1083","nga",100,"Sesion 6"
"1084","nga",100,"Sesion 6"
"1085","nga",100,"Sesion 6"
"1086","nga",100,"Sesion 6"
"1087","nga",100,"Sesion 6"
"1088","nga",100,"Sesion 6"
"1089","nga",75,"Sesion 6"
"1090","nga",100,"Sesion 6"
"1091","nga",75,"Sesion 6"
"1092","nga",75,"Sesion 6"
"1093","nga",100,"Sesion 6"
"1094","nga",100,"Sesion 6"
"1095","nga",100,"Sesion 6"
"1096","nga",100,"Sesion 6"
"1097","nga",75,"Sesion 6"
"1098","nga",75,"Sesion 6"
"1099","nga",100,"Sesion 6"
"1100","nga",100,"Sesion 6"
"1101","nga",100,"Sesion 6"
"1102","nga",100,"Sesion 6"
"1103","nga",100,"Sesion 6"
"1104","nga",100,"Sesion 6"
"1105","nga",100,"Sesion 6"
"1106","nga",100,"Sesion 6"
"1107","nga",75,"Sesion 6"
"1108","nga",100,"Sesion 6"
"1109","nga",75,"Sesion 6"
"1110","nga",50,"Sesion 6"
"1111","nga",50,"Sesion 6"
"1112","nga",100,"Sesion 6"
"1113","nga",100,"Sesion 6"
"1114","nga",100,"Sesion 6"
"1115","nga",75,"Sesion 6"
"1116","nga",100,"Sesion 6"
"1117","nga",100,"Sesion 6"
"1118","nga",75,"Sesion 6"
"1119","nga",100,"Sesion 6"
"1120","nga",100,"Sesion 6"
"1121","nga",100,"Sesion 6"
"1122","nga",100,"Sesion 6"
"1123","nga",75,"Sesion 6"
"1124","nga",100,"Sesion 6"
"1125","nga",50,"Sesion 6"
"1126","nga",100,"Sesion 6"
"1127","nga",75,"Sesion 6"
"1128","nga",100,"Sesion 6"
"1129","nga",100,"Sesion 6"
"1130","nga",100,"Sesion 6"
"1131","nga",100,"Sesion 6"
"1132","nga",100,"Sesion 6"
"1133","nga",75,"Sesion 6"
"1134","nga",100,"Sesion 6"
"1135","nga",100,"Sesion 6"
"1136","nga",100,"Sesion 6"
"1137","nga",100,"Sesion 6"
"1138","nga",100,"Sesion 6"
"1139","nga",75,"Sesion 6"
"1140","nga",100,"Sesion 6"
"1141","nga",100,"Sesion 6"
"1142","nga",75,"Sesion 6"
"1143","nga",100,"Sesion 6"
"1144","nga",100,"Sesion 6"
"1145","nga",50,"Sesion 6"
"1146","nga",100,"Sesion 6"
"1147","nga",100,"Sesion 6"
"1148","nga",100,"Sesion 6"
"1149","nga",100,"Sesion 6"
"1150","nga",100,"Sesion 6"
"1151","nga",75,"Sesion 6"
"1152","nga",100,"Sesion 6"
"1153","nga",100,"Sesion 6"
"1154","nga",100,"Sesion 6"
"1155","nga",75,"Sesion 6"
"1156","nga",100,"Sesion 6"
"1157","nga",75,"Sesion 6"
"1158","nga",75,"Sesion 6"
"1159","nga",75,"Sesion 6"
"1160","nga",100,"Sesion 6"
"1161","nga",100,"Sesion 6"
"1162","nga",100,"Sesion 6"
"1163","nga",75,"Sesion 6"
"1164","nga",100,"Sesion 6"
"1165","nga",75,"Sesion 6"
"1166","nga",100,"Sesion 6"
"1167","nga",100,"Sesion 6"
"1168","nga",75,"Sesion 6"
"1169","nga",75,"Sesion 6"
"1170","nga",100,"Sesion 6"
"1171","nga",75,"Sesion 6"
"1172","nga",100,"Sesion 6"
"1173","nga",100,"Sesion 6"
"1174","nga",100,"Sesion 6"
"1175","nga",100,"Sesion 6"
"1176","nga",100,"Sesion 6"
"1177","nga",100,"Sesion 6"
"1178","nga",100,"Sesion 6"
"1179","nga",100,"Sesion 6"
"1180","nga",75,"Sesion 6"
"1181","nga",100,"Sesion 6"
"1182","nga",100,"Sesion 6"
"1183","nga",100,"Sesion 6"
"1184","nga",75,"Sesion 6"
"1185","nga",100,"Sesion 6"
"1186","nga",100,"Sesion 6"
"1187","nga",100,"Sesion 6"
"1188","nga",100,"Sesion 6"
"1189","nga",100,"Sesion 6"
"1190","nga",100,"Sesion 6"
"1191","nga",25,"Sesion 6"
"1192","nga",100,"Sesion 6"
"1193","nga",75,"Sesion 6"
"1194","nga",100,"Sesion 6"
"1195","nga",75,"Sesion 6"
"1196","nga",100,"Sesion 6"
"1197","nga",100,"Sesion 6"
"1198","nga",100,"Sesion 6"
"1199","nga",100,"Sesion 6"
"1200","nga",100,"Sesion 6"
